Translation Key,Translated Value
ammo-vog-25,Граната ВОГ-25
st_wpn_vz61_freedom,Skorpion vz.61 с камуфляжем «Свободы»
st_letter_to_outside_name,Письмо Натали
st_data_export_is_junk,Мусорный
st_bolt_carrier_6,Продольно-скользящий затвор с болтовым запиранием
st_itm_advancedkit_name,Инструменты для тонкой работы
st_data_export_ammo_types_alt,Альт. боеприпасы
military_bandit_outfit_name,Трофейный бронекостюм «СКАТ-9»
ammo-7.92x33_ap,Патроны 7,92x57 мм ПС
st_wpn_protecta,Armsel Protecta
st_upgr_w_muffle,Компоненты для наружной резьбы ствола
st_af_dragon_eye_name,«Глаз дракона»
st_wpn_protecta_nimble,Заказная Armsel Protecta
st_rank_novice,новичок
mutant_psysucker_meat,Мясо пси-кровососа
st_af_frames_name,Алюминиевые рамки
st_data_export_bonus_mutant_part_chance,Шанс бонусной части мутанта
st_bolt_9,Вращающаяся личинка [7 упоров][А]
st_data_export_can_be_crafted,Можно скрафтить
merc_coyote_outfit_name,Средний тактический костюм «Койот»
st_af_cristall_flower_name,«Каменный цветок»
ui_inv_outfit_additional_weight,Грузоподъёмность
st_ration_ru,Российский рацион питания ИРП-Б
st_prt_w_p_trigger_1,Однорежимный УСМ
st_wpn_g36,G36
st_wpn_pm_actor,Наградной ПМ
st_wpn_fnx45_custom,Заказной FNX-45 Tactical
st_drug_booster,«Геркулес»
merc_sun_outfit_name,Тактический комбинезон «Сумрак»
st_grease,Промышленная смазка
st_ball_hammer,Шариковый молоток
st_af_frames_up_name,Алюминиевый элемент каркаса
st_gas_tube_3,Газовая трубка [В]
st_prt_i_resistors,Коробка резисторов
st_knife_swat,Складной спецназовский нож
st_af_electra_flash_name,«Вспышка»
st_glue_a,Тюбик клея «Tur»
st_army_bowler,Армейский котелок
st_wpn_ak74,АК-74
st_prt_w_p_barrel_6,Закрытый ствол 9x18 мм
light_merc_outfit_name,Бронежилет IBA-З наёмников
ammo-5.56x45-fmj,Патроны 5,56x45 мм FMJ
st_itm_mapkit_8,Карта аномалий (Свалка)
st_prt_o_ballistic_4,Пластины из кевлара «К129» с композитом из углеродного волокна
st_prt_i_fasteners,Крепёжные детали
st_headlamp,Старая лампа фонарика
st_upgr_w_firemode,Набор УСМ
st_prt_w_p_spring_1,Возвратная пружина 9 мм [СССР]
light_freedom_outfit_name,Бронежилет «Защитник свободы»
st_antirad_cystamine,Цистамин
st_tarpaulin,Камуфляжный брезент
st_af_plates_up_name,Улучшенные стальные бронепластины
st_upgr_o_durability,Ткани и пластины из прочных материалов
st_wpn_bizon,ПП-19 «Бизон»
st_wpn_hpsa,Browning Hi-Power
st_data_export_stash_type,Тип схрона
st_af_tapeworm_name,«Цепень»
st_wpn_sig550,SIG SG550
st_wpn_usp_custom,Заказной USP45
st_prt_o_retardant_1,Многослойные огнестойкие ткани
ammo-12x76-bull,Патроны 12x76 мм «Bull»
st_wpn_glock,Glock 19
st_prt_o_retardant_14,Полибензимидазол содержащая ткань с обработкой полиэстером
st_hide_pseudodog_name,Шкура псевдособаки
st_wpn_ak74u_custom,Заказной АКС-74У
st_wpn_sr25,SR-25
ui_inv_outfit_wound_protection,Защ. от разрыва
st_prt_o_retardant_3,Обработанные нПВХ ткани «Класса B»
st_af_cell_name,«Клетка»
stalker_proto_exo_outfit_name,Комбинезон «Заря» с протоэкзоскелетом
st_wpn_walther_custom,Заказной Walther P99
ui_inv_damage,Урон
st_barrel_11,Ствол [АС|ПП] 9мм
st_af_peas_name,«Луна»
st_hide_chimera_name,Шкура химеры
st_roubles,Рубли
st_prt_o_retardant_9,Полимерные листы (покрытие из сульфата висмута)
st_adrenalin,Эпинефрин
st_wpn_mp7,HK MP7
st_freedom_manual_1_of_2_name,Методы ведения допросов: основы (часть 1 из 2)
cs_scientific_outfit_good_name,Научный комбинезон ЧН-4а «Исследователь»
merc_wolven_outfit_name,Бронежилет наёмников «Гиена»
trenchcoat_dolg_brown_outfit_name,Плотный плащ «Долга»
st_marijuana,Марихуана
st_antirad,Противорадиационный препарат
st_wpn_fn2000_nimble,FN F2000 «EOTech»
st_drink_crow,«Клюв»
st_wpn_colt1911_custom,Заказной Colt M1911
st_wpn_kiparis,ОЦ-02 «Кипарис»
ui_inv_recoil,ui_inv_recoil
st_device_torch_nv_1_name,Налобный фонарик с 1ПН93-1
csky_novice_outfit_name,Кожаная куртка «Чистого неба»
st_glucose,Большая инъекция глюкозы
st_af_ice_name,«Снежинка»
novice_outfit_camo_name,Куртка стрелка
st_flask,Очищенная вода
stalker_drought_outfit_name,Комбинезон «Скиталец»
st_af_blood_name,«Кровь камня»
mutant_psevdodog_meat,Мясо псевдособаки
svoboda_light_proto_exo_outfit_name,Комбинезон «Ветер свободы» с протоэкзоскелетом
ui_inv_outfit_strike_protection,Гашение удара
helm_spartan,Шлем M10 «Спартанец»
st_wpn_desert_eagle_nimble,Desert Eagle «Степной орёл»
ammo-7.62x54-ap,Патроны 7,62x54 мм ПП
st_af_kislushka_name,«Кислушка»
st_data_export_blast_power,st_data_export_blast_power
st_bolt_10,Вращающаяся личинка [8 упоров][А]
st_upgr_w_speed,Перфорированный ствол
st_bolt_2,Поворотная личинка [2 упора][П]
st_data_export_disassemble_amount,Количество
st_armor_repair_fa,Набор экстренного ремонта брони
st_data_export_stash_chance,Шанс %
st_recipe_drug_4,Рецепты лекарства #4
st_prt_w_p_trigger_2,Двухрежимный УСМ
st_upgr_o_health,Прототип системы жизнеобеспечения
st_bolt_carrier_5,Продольно-скользящий полусвободный затвор
st_data_export_used_in_crafting,Используется в крафте
ui_inv_outfit_explosion_protection,Защ. от взрыва
st_af_mincer_meat_name,«Ломоть мяса»
st_prt_o_ballistic_5,Стальные пластины и пластины из кевлара «AP»
scientific_outfit_name,Комбинезон «СЕВА»
st_gas_tube_11,Газовая трубка [ПП]
st_trigger_components_1,Однорежимный УСМ куркового типа
st_af_cocoon_name,«Кокон»
st_cards,Колода игральных карт
dolg_pantsir_outfit_name,ПСЗ-7п «Панцирь»
st_wpn_glock_custom,Заказной Glock 19
st_wpn_m4a1,M4A1
ui_inv_outfit_chemical_burn_protection,Химзащита
st_wpn_l85a2_alt,L85A2 (Альтернативная)
st_af_itcher_name,«Зуда»
st_harmonica_name,Губная гармошка
st_af_cooler_name,Модуль охлаждения
st_af_spaika_name,«Спайка»
st_upgr_w_scope,Набор креплений для оптических прицелов
st_wpn_toz34_bull,ТОЗ-34 «Bull»
mutant_flesh_meat,Мясо плоти
st_wpn_ak102,АК-102
st_jar,Пластиковая банка
st_wpn_protecta_aim,Модернизированная Armsel Protecta
st_af_compass_name,«Компас»
st_gas_tube_2,Цевьё продольно-скользящего типа [Р]
st_wpn_ak74_eot,АК-74 «EOTech»
st_duct_tape,Изолента
st_af_camelbak_name,«Верблюжий горб»
bandit_exolight_outfit_name,Трофейный тяжёлый бронекостюм
st_wpn_type63,Тип 63
st_af_ball_name,«Мяч»
st_hide_controller_name,Скальп контролёра
st_upgr_o_shock,Электроизолирующий текстиль и вставки
banditmerc_outfit_name,Лёгкий бандитский комбинезон
st_axe,Топор
st_prt_w_p_spring_2,Возвратная пружина 9мм [Россия]
st_af_dummy_glassbeads_name,«Мамины бусы»
st_prt_o_retardant_15,Ткани из активированного угля
st_af_grid_name,Титановая сетка
st_detonation_time,st_detonation_time
st_detonation_radius,st_detonation_radius
dolg_heavy_outfit_name,ПСЗ-9д «Броня "Долга"»
st_data_export_stash_type_rare,Редкий
st_wpn_grach,MP-443 «Грач»
army_nosorog_outfit_name,Армейский экзоскелет «Носорог»
st_wpn_toz34,ТОЗ-34
stalker_bear_outfit_name,Комбинезон «Медведь»
st_wpn_beretta_camo,Камуфлированная Beretta 92F
ui_ammo_count,Ёмк. магазина
trenchcoat_brown_outfit_name,Тяжёлый коричневый плащ
ammo-9x19-ap,Патроны 9x19 мм БП
st_wpn_ak74_old,АК-74
st_prt_i_ammo,Составные части боеприпасов
st_af_camelbak_up_name,Эпинефриновый гидратор
ammo-7.62x51_ap,Патроны 7,62x51 мм НАТО AP
trenchcoat_green_outfit_name,Тяжёлый зелёный плащ
st_tushonka,Тушёнка из говядины
st_data_export_used_in_cooking,Используется в кулинарии
st_drug_antidot,Антидот
st_helm_resp,Респиратор
st_knife_6x4,Штык-нож 6Х4
ui_inv_satiety,Насыщение
merc_outfit_name,Лёгкий комбинезон наёмников
st_wpn_ppsh41,ППШ-41
greh_exo_outfit_name,Экзоскелет «Ирий»
st_prt_w_p_barrel_3,Ствол .45
st_prt_o_ballistic_18,Армированные слои из полиэтиленового волокна
st_monolith_prayer_1_of_3_name,Молитва Монолиту (часть 1 из 3)
ammo-338-lapua,Патроны .338 Lapua Magnum
mutant_boar_chop,Мясо кабана
isg_lcs_urban_outfit_name,Комбинезон ИИГ с «городским камуфляжем»
st_trigger_components_2,Двухрежимный УСМ куркового типа
st_wpn_protecta_custom,Модифицированная Armsel Protecta
st_prt_o_support_1,Каркас экзоскелета
st_recipe_basic_3,Руководство по выживанию (ч. 3)
ui_inv_wrange,ui_inv_wrange
st_wpn_aug_custom,Заказная Steyr AUG A1
st_chocolate,Шоколад «Российский»
st_antirad_kalium,Калия йодид
st_bolt_11,Нагнетатели с ударником от бокфлинта [Р]
st_axe3,Охотничий топор
st_bolt_7,Поворотная личинка [4 упора][АС]
specops_merc_outfit_name,Бронекостюм «Берилл-5М» наёмников
mutant_krovosos_meat,Мясо кровососа
st_recipe_expert_3,Техническое руководство (ч. 3)
st_upgr_w_calibre,Комплект деталей под новый калибр
st_rebirth,Наркотический анальгетик «Возрождение»
specops_dolg_outfit_name,ПС5-Б «Бериллиевая защита»
st_wpn_m82,Barrett M82
st_bolt_5,Поворотная личинка [3 упора][В]
st_af_sun_name,«Солнце»
st_helm_hardhat,Стальной шлем
specops_outfit_name,Бронекостюм «Берилл-5М»
st_wpn_ump45_custom,Заказной UMP-45
st_wpn_pb_custom,Модернизированный ПБ
st_tea,Чай Бороды
st_upgr_o_chem,Химостойкие ткани и вставки
exo_outfit_name,Экзоскелет
st_drug_coagulant,«Барвинок» (Привозной)
ammo-12x76-dart,Патроны 12x76 мм Дротик
st_e_syringe,Пустой шприц
st_prt_w_p_trigger_3,Двухрежимный [ДР|ОР] УСМ
st_prt_o_ballistic_6,Пластины из кевлара «AP» с композитом из усиленного титана
bandit_novice_alt_outfit_name,Кольчужная куртка
st_ied_rpg,Самодельное взрывное устройство (РПГ-7)
dolg,«Долг»
dolg_specops_red_outfit_name,ПСЗ-Б2 «Витязь»
st_meat_flesh,Сало плоти
st_drug_anabiotic,Анабиотик
st_af_medusa_name,«Медуза»
greh_armored_outfit_name,Противоосколочная броня «Греха»
ghillie_outfit_name,Маскировочный костюм
st_wpn_ak103,АК-103
st_gas_tube_10,Эжектор от курковки [Р]
military_monolit_outfit_name,Бронекостюм «СКАТ-9» «Монолита»
st_wpn_pb,ПБ
st_data_export_jump_height,Высота прыжка
st_wpn_fnp45_custom,Заказной FNP-45
st_itm_sleepbag_name,Спальный мешок
st_equ_milpack_name,Армейский рюкзак
st_upgr_o_power,Пластиковые и синтетические части
st_itm_mapkit_5,Карта аномалий (Кладбище техники)
st_compression_bag,Компрессионный мешок
svoboda_scientific_outfit_name,Комбинезон «Искатель свободы»
st_detector2,Детектор «Медведь»
st_bolt_carrier_10,Продольно-скользящий затвор с запиранием поворотом [НАТО]
st_ui_number_of_uses,Кол-во использований
st_wpn_usp,USP45
st_af_skull_miser_name,«Череп скряги»
bandit_nbc_outfit_name,Трофейный комбинезон РХБЗ
light_isg_outfit_name,Бронежилет IBA-З ИИГ
st_barrel_1,Ствол [Р] 18.5мм
exo_dolg_wood_outfit_name,ПСЗ-101 «Лесник»
ui_inv_outfit_fire_wound_protection,Баллист. защита
svoboda_heavy_outfit_name,Комбинезон «Страж свободы»
st_wpn_remington870,Remington 870
st_recipe_basic_1,Руководство по выживанию (ч. 1)
st_wpn_ak74_custom,Заказной АК-74
st_upgr_w_reliability,Автоматические газовые регуляторы
st_medkit_army,Армейская аптечка
st_grenade_rgd5,Граната РГД-5
freedom_nosorog_outfit_name,Экзоскелет «Чемпион свободы»
st_wpn_ak74m_camo,Камуфлированный АК-74М
st_upgr_o_weight,Облегчённые материалы
dolg_scientific_wood_outfit_name,ПС5-9Мд «Исследователь»
st_knife_combat,Штык-нож M9
st_data_export_can_be_cooked,Можно приготовить
st_wpn_mk14,Mk 14 EBR
st_af_vaselisk_name,«Василиск»
st_wpn_sv98_custom,Заказная СВ-98
st_af_chelust_name,«Цепь»
st_swiss,Швейцарский нож
st_wpn_akms,АКМС
st_wpn_bm16_full,ТОЗ-66
st_cuban_cigar,Кубинские сигары
isg_exolight_outfit_name,Тяжёлый бронекостюм ИИГ
st_af_aam_name,Прикладной модуль артефактов (пустой)
isg_lcs_camo_outfit_name,Камуфлированный комбинезон ИИГ
st_wpn_bm16_full_alt,ТОЗ-66 (Альтернативный)
nbc_dolg_outfit_name,ПС5-Мд «РХБ защита»
light_monolit_outfit_name,Бронежилет IBA-З «Монолита»
st_gas_tube_1,Газовая трубка [К]
st_upgr_o_psi,Ткани с защитным слоем
st_wpn_colt1911,Colt M1911
st_hand_watch,Наручные часы
greh_ps5_outfit_name,Противоосколочная броня «Велес»
nomad_outfit_name,Комбинезон «Кочевник»
st_prt_w_p_barrel_4,Ствол 5.7 мм
ammo-og-7b,Выстрел ОГ-7В
st_helm_exo_name,Экзошлем
st_wpn_g3sg1,G3 SG1
helm_ach7ex,Шлем ACH-7EX
st_bolt_16,Ударник с боевой пружиной [ПП][НАТО]
st_af_gimlet_name,«Буравчик»
nbc_freedom_outfit_name,Комбинезон «Хранитель свободы»
st_wpn_rpg7,РПГ-7
st_prt_o_retardant_16,Нетканые материалы с обработкой активированным углём
st_rank_legend,легенда
st_prt_o_fabrics_4,Военный текстиль
ecolog_exo_outfit_name,Научный экзоскелет
st_prt_w_p_trigger_4,Двухрежимный УСМ от «MP412»
st_cooking,Комплект приготовления еды
st_memoirs_2_of_2_name,Дневник сталкера (часть 2 из 2)
st_wpn_ak74m_alt,АК-74М (Альтернативный)
ammo-5.45x39-fmj,Патроны 5,45x39 мм ПС
st_data_export_ammo_box_size,В пачке
helm_ach7,Шлем ACH-7
st_itm_artefact_container_name,Контейнер для артефактов
st_cigar2,Советские сигареты
st_wpn_fnx45,FNX-45 Tactical
st_recipe_drug_2,Рецепты лекарства #2
st_chocolate_p,Шоколад «Российский» (половинка)
st_prt_o_ballistic_11,Пластины из кевлара «К119»
st_prt_o_retardant_18,Изоляционные вставки из константана с покрытием из стекловолокна
st_wpn_sig550_camo,Камуфлированный SIG SG550
st_helm_protective,Шлем ССП-99 «Заслон»
st_upgr_o_bleed,Прототип системы заживления ран
st_af_sandstone_name,«Песчаник»
st_bolt_6,Поворотная личинка [2 упора][А]
st_rank_any,Любой
ui_inv_outfit_shock_protection,Электрозащита
st_af_repei_name,«Репейник»
st_wpn_m249,M249 SAW
st_data_export_unknown,Неизвестно
st_trg_sako,Sako TRG-42
st_cocaine,Кокаин
st_prt_o_ballistic_19,Слои из углеродного волокна
light_loner_outfit_name,Бронежилет «Перехватчик»
st_balon_gas,Баллон с газом
st_prt_o_ballistic_7,Пластины из кевлара «К119» с вставками из поликарбоната
ammo-9x19-fmj,Патроны 9x19 мм FMJ
isg_outfit_name,Тактический бронежилет ИИГ Mk.1
st_af_monolith_name,«Волат-изумруд»
st_af_kevlar_up_name,Улучшенные кевларовые бронепластины и крепления
st_beadspread,Покрывало
st_drug_psy_blockade,«Пси-блокада»
st_meat_boar,Стейк из кабана
st_powder_poltergeist,«Алмазный порошок»
ammo-7.62x54-7n1,Патроны 7,62x54 мм 7Н1
renegade_scientific_outfit_name,«СЕВА» ренегатов
st_data_export_weapon_kind_smg,Пистолет-пулемёт
st_hide_flesh_name,Шкура плоти
ammo-12x70-buck_self,Самодельная 12x70 мм Дробь
st_barrel_9,Ствол [А] 5.56мм
monolith_nbc_outfit_name,Комбинезон РХБЗ «Чернобыль»
st_af_gold_fish_name,«Золотая рыбка»
st_detector1,Детектор «Отклик»
ammo-50-bmg,Патроны .50 BMG
st_prt_o_retardant_4,Обработанные нПВХ виниловые ткани «Класса А»
st_wpn_l85_modern,Модернизированная L85A1
dolg_scout_outfit_name,ПС5-Р «Разведчик»
st_water_drink,Газированная вода
freedom,«Свобода»
csky_heavy_outfit_name,Бронежилет ЧН-3б
st_data_export_single_handed,В одной руке
st_wpn_aek973,AEK-973
st_wpn_m16a2,M16A2
st_wpn_g43,Karabiner 43
st_af_plates_name,Стальные пластины
st_wpn_pp2000,ПП-2000
st_wpn_akms_alt,АКМС (Альтернативный)
st_barrel_6,Ствол-глушитель [АС | ПП] 9мм
ui_inv_radiation,Радиация
st_gas_tube_8,Отсечка-отражатель [В]
st_prt_w_p_barrel_1,Ствол 9x18 мм
st_helm_bandana,Бандана
ui_inv_effect_time,Время действия
ammo-9x19-pbp,Патроны 9x19 мм Дум-дум
st_upgr_o_armor,Укреплённые баллистические вставки
st_wpn_desert_eagle,Desert Eagle
st_underwear,Нижнее бельё
st_wpn_svd_nimble,СВД «Рысь»
st_wpn_aug,Steyr AUG A1
st_wpn_ash12,АШ-12
st_bolt_carrier_8,Колодка от бокфлинта [Р]
merc_combat_scientific_outfit_name,Комбинезон наёмников «Исследователь»
cs_exo_outfit_name,Экзоскелет ЧН-5
st_helm_tactic,Шлем «Сфера 08»
st_data_export_disassemble_item,Предмет
military_outfit_name,Бронекостюм «СКАТ-9»
st_recipe_drug_3,Рецепты лекарства #3
merc_scout_outfit_name,Лёгкий комбинезон «Скаут»
st_wpn_m4a1_camo,Камуфлированная M4A1
st_wpn_desert_eagle_custom,Заказной Desert Eagle
st_prt_o_retardant_19,Полиэстер-ткани с изоляцией из стекловолокна
monolith_scientific_light_outfit_name,Кустарный комбинезон «Монолита»
st_breadold,Старый хлеб
st_wpn_ak74u_snag,АКС-74У Коряги
st_wpn_aps,АПС
st_data_export_weapon_kind_rifle,Винтовка
st_itm_ammokit,Оружейные инструменты
st_bolt_17,Ударник с боевой пружиной [ПП][ППШ]
army,Военные
mutant_chimera_meat,Кусок мяса химеры
st_barrel_12,Ствол [ПП] 7.62мм
isg_merc_outfit_name,Тактический бронежилет ИИГ Mk.2
st_wpn_vihr,СР-3М «Вихрь»
st_prt_o_retardant_17,Изоляционные вставки из константана
st_rank_master,мастер
st_wpn_aks74_new,Новый АКС-74
st_data_export_thirst,Жажда
st_prt_i_transistors,Коробка транзисторов
st_antibio_sulfad,Сульфадиметоксин
st_upgr_o_run,Гидравлическая система усиления сервопривода
st_cigarettes_lucky,Сигареты «Lucky Strike»
redline_novice_outfit_name,Красная кожаная куртка
st_af_lobster_eyes_name,«Рачьи глаза»
st_antibio_chlor,Хлортетрациклин
st_prt_o_ballistic_8,Пластины из кевлара «К119» с вставками из углеродного волокна
light_voen_outfit_name,Армейский бронежилет IBA-З
dolg_outfit_name,ПС5-М «Универсальная защита»
stalker_graphite_outfit_name,Комбинезон «Графит»
st_prt_w_p_spring_5,Возвратная пружина 7.62мм
st_af_glass_name,«Светляк»
st_wpn_ak74m,АК-74М
st_wpn_ak103_camo,Камуфлированный АК-103
st_itm_drugkit,Набор для создания медикаментов
st_wpn_fn2000,FN F2000
stalker,Одиночки
st_rank_experienced,опытный
st_equ_smilpack_name,Большой походный рюкзак
st_wpn_oc33,ОЦ-33 «Пернач»
svoboda_exolight_outfit_name,Тяжёлый бронекостюм «Воин свободы»
st_af_black_spray_name,«Чёрные брызги»
light_dolg_outfit_name,Бронежилет IBA-З «Долга»
st_prt_o_retardant_5,Ткань с ПВХ/резиновым покрытием
ui_inv_outfit_telepatic_protection,Пси-защита
st_detector8,Прибор для измерения аномальной активности
st_data_export_weapon_degradation,Износ оружия
st_wpn_svd_custom,Модифицированная СВД
st_data_fragment_damage,Осколочный урон
st_wpn_pkp,ПКП «Печенег»
st_upgr_o_arty,Крепления для дополнительных модулей
dolg_heavy_proto_exo_outfit_name,ПСЗ-9д «Броня "Долга"» с протоэкзоскелетом
st_cigarettes,Сигареты «Marlboro»
st_morphine,Ампула морфина
st_af_surge_name,Токоограничитель
st_letter_military_stalker_name,Записка военного сталкера
stalker_outfit_name,Комбинезон «Заря»
st_wpn_aks74,АКС-74
monolith_exo_outfit_name,Экзоскелет «Монолита»
monolith_trenchcoat_outfit_name,Плащ «Монолита»
st_antiemetic,Этаперазин
st_wpn_glock_modern,Glock 19 (Альтернативный)
st_porn,Журнал «Русский PLAYBOY»
ui_st_community,Группа
st_itm_basickit_name,Инструменты для грубой работы
ammo-12.7x55-fmj,Патроны 12,7x55 мм СЦ-130
st_bolt_3,Поворотная личинка [2 упора][К]
st_glue_e,Тюбик клея «М17»
st_hide_boar_name,Шкура кабана
st_data_export_restore_radiation,Восстановление от радиации
st_recipe_drug_1,Рецепты лекарства #1
mutant_dog_meat,Мясо слепого пса
cs_scientific_outfit_name,Научный комбинезон ЧН-4а
st_ration_ukr,Украинский рацион питания
st_itm_mapkit_7,Карта аномалий (Затон)
st_picture_woman,Фотография любимой женщины
ammo-11.43x23-fmj,Патроны .45 ACP
st_wpn_fort500,Форт-500
exo_merc_wood_outfit_name,ТБ-1 наёмников «Лес»
st_wpn_cz52,CZ 52
st_beer,Украинское пиво (500 мл.)
st_ecologist_outfit_white_name,ССП-99 «Алмаз»
st_wpn_m60,M60
st_wpn_fnp45,FNP-45
st_wpn_groza,ОЦ-14-4A
st_af_ear_name,«Сердце»
stalker_predator_outfit_name,Комбинезон «Охотник»
st_barrel_3,Ствол [К] 18.5мм
st_gas_tube_7,Газовая трубка [П]
ui_inv_outfit_radiation_protection,Радиозащита
isg_proto_exo_outfit_name,Комбинезон ИИГ с протоэкзоскелетом
trenchcoat_freedom_brown_outfit_name,Плотный плащ «Свободы»
st_rank_expert,эксперт
st_rank_rg6,отряд RG6
st_cutlery,Полевые столовые приборы
st_data_export_restore_health_max,Полное восстановление здоровья
nbc_merc_outfit_name,Комбинезон РХБЗ Наёмников
ammo-m209,Граната М209
monolith,«Монолит»
st_wpn_tt33_modern,Модернизированный TT-33
st_equ_smallpack_name,Походный рюкзак
st_wpn_fn2000_custom,Модифицированный FN F2000
st_prt_o_retardant_10,Полимерные листы (покрытие из сульфата бария)
st_mre,Сухой паёк
ammo-12x76-zhekan,Патроны 12x76 мм Жекан
st_hide_lurker_name,Шкура кикиморы
st_prt_w_p_barrel_2,Ствол 9x19 мм
st_wpn_usas12,USAS-12
ecolog_proto_exo_outfit_name,Комбинезон научной охраны с протоэкзоскелетом
cs_nbc_outfit_name,Комбинезон ЧН-3 «РХБЗ»
st_trigger_components_5,Двухрежимный УСМ ударникового типа
st_ecologist_outfit_blue_name,ССП-99М «Сапфир»
st_cigar1,Советские сигареты
bandit_novice_outfit_name,Чёрная кожаная куртка
st_wpn_ak101,АК-101
ammo-5.7x28-ss195,Патроны 5.7x28 мм ЭП
st_data_export_disassemble_result,Результат
st_wpn_hpsa_alt,Browning Hi-Power (Альтернативный)
st_upgr_w_recoil,Дополнительные газовые поршни
st_af_night_star_name,«Ночная звезда»
st_recipe_advanced_2,Руководство по механике (ч. 2)
st_stim_impro,Самопальный стимпак
ammo-5.45x39-ep,Патроны 5,45x39 мм ПП
st_pda_name,КПК
st_wpn_fnc,FN FNC
st_wpn_ak,Автомат Калашникова
st_data_export_stash_ecos,Экономика
st_af_fire_loop_name,«Петля»
st_af_kogot_name,«Коготь»
st_prt_o_ballistic_9,Пластины из полиэтилена «Б-типа» с бронежилетом
st_af_vyvert_name,«Выверт»
st_af_sponge_name,«Губка»
st_itm_tent_name,Сумка для палатки
helm_m50,Противогаз M50з
mutant_lurker_meat,Мясо кикиморы
st_af_kevlar_name,Кевларовые пластины и крепления
st_upgr_o_rad,Активные фильтры и радиозащитные материалы
st_cigarettes_russian,Сигареты «Пётр I»
st_nuts,Ореховая смесь
st_wpn_sks,СКС-45
st_af_freon_name,Фреоновый охладитель
st_prt_w_p_spring_6,Возвратная пружина «R1 DE 6"»
st_wpn_mp153,MP-153
wastelander_outfit_name,Защитный комбинезон «Поисковик»
st_tetanus,Вакцина от столбняка
st_prt_o_retardant_6,Ткани из ПВХ / углеродного волокна
st_data_export_weapon_kind_explosive,Взрывное
freedom_exo_vineleaf_outfit_name,Тяжёлый бронекостюм «Дух свободы»
greh,«Грех»
st_wpn_saiga12s,Сайга-12С
ammo-gauss,Аккумуляторы
st_bread,Свежий хлеб
st_wpn_colt1911_new,Новый Colt M1911
merc_exo_outfit_name,Экзоскелет наёмников
st_wpn_vityaz,ПП-19-01 «Витязь»
st_af_generator_name,«Генератор»
st_recipe_expert_2,Техническое руководство (ч. 2)
bandit_ps5_outfit_name,Бандитский ПС5-М
st_wpn_abakan,АН-94
st_raisins,Изюм
st_af_gravi_name,«Грави»
ammo-7.92x33_fmj,Патроны 7,92x57 мм Mauser
st_af_moh_name,«Мох»
st_memoirs_1_of_2_name,Дневник сталкера (часть 1 из 2)
st_wpn_ace21,Galil ACE-21
dolg_nosorog_outfit_name,ПСЗ-10Д «Носорог»
st_wpn_sig220_custom,Заказной SIG P220
dolg_red_outfit_name,ПС5-М «Витязь»
st_bolt_carrier_11,Продольно-скользящий свободный затвор [ПП]
st_prt_w_p_barrel_7,Ствол .357
st_prt_i_textolite,Текстолитовая основа
st_radio2,Сломанное радио
st_data_export_weapon_kind_pistol,Пистолет
st_meat_snork,Жареная рука снорка
st_af_serofim_name,«Серафим»
st_itm_mapkit_2,Карта аномалий (Янтарь)
st_meat_dog,Собачьи отбивные
st_prt_i_copper,Моток медной проволоки
st_wpn_sv98,СВ-98
st_exolight_repair_kit,Профессиональный набор для ремонта тяжёлых бронекостюмов
ammo-5.45x39-ap,Патроны 5,45x39 мм БП
exo_dolg_red_outfit_name,ПСЗ-10Дм «Звероборец»
st_metalcan_powder,Баллончик с порошком
st_trigger_components_6,УСМ куркового типа [Р]
svoboda_heavy_outfit_2_name,Комбинезон «Страж свободы» М2
novice_outfit_tourist_name,Куртка туриста
stalker_salamander_outfit_name,Комбинезон «Ящер»
st_prt_o_fabrics_3,Прочный текстиль
exo_wood_outfit_name,ТБ-1 «Лес»
st_recipe_expert_4,Техническое руководство (ч. 4)
st_upgr_w_dispersion,Компоненты балансировки
st_wpn_bm16,Обрез ТОЗ-66
st_rank_trainee,начинающий
svoboda_exo_outfit_name,Экзоскелет «Бастион свободы»
st_helm_metro,Шлем-противогаз ПД
st_gas_tube_6,Газовая трубка [А|В][НАТО]
st_wpn_mp5_alt,MP5A3 (Альтернативный)
st_prt_i_capacitors,Коробка конденсаторов
st_monolithian_thoughts_name,Дневник монолитовца
ammo-7.62x54_7n14,Патроны 7,62x54 мм 7Н14
st_upgr_w_grenade_mount,Крепления подствольных гранатомётов
st_wpn_galil,Galil AR
st_af_baloon_name,«Пузырь»
st_wpn_toz34_obrez_decor,Украшенный обрез ТОЗ-34
st_data_export_restore_bleeding_max,Полное заживление ран
isg_exo_outfit_name,Экзоскелет ИИГ
st_protein,Протеиновый батончик
st_radio,Переносное радио
st_af_oasis_heart_name,«Сердце Оазиса»
st_wpn_m16,M16A4
st_synthrope,Два синтетических каната
monolith_exolight_outfit_name,Тяжёлый бронекостюм «Монолита»
st_wpn_toz34_decor,Украшенный ТОЗ-34
ui_inv_rate_of_fire,Темп огня
st_drug_radioprotector,Радиопротектор
st_itm_mapkit_3,Карта аномалий (Рыжий лес)
st_af_dummy_dummy_name,«Панцирь»
st_af_grapes_name,«Виноград»
st_af_surge_up_name,Токоограничительный микрореактор
st_recipe_advanced_1,Руководство по механике (ч. 1)
st_bolt_carrier_2,Продольно-скользящий затвор с запиранием поворотом [Россия]
st_wpn_aek971,AEK-971
st_af_cristall_name,«Кристалл»
st_wpn_aug_merc,Модифицированная Steyr AUG A1
st_wpn_gsh18,ГШ-18
st_mine_name,Осколочная противопехотная мина
ui_st_rank,Ранг
st_data_export_eat_alcohol,Алкоголь
st_rank_gauss,отряд с гаусс-пушкой
st_barrel_10,Ствол [П] 7.62мм
st_grenade_smoke,Дымовая граната
st_data_export_falloff,Падение урона
st_itm_backpack_name,Полевой рюкзак
lttz_ll_wpn_gauss_quest_name,«Изделие №62»
st_sausage,Копчёная колбаса
st_bolt_carrier_4,Продольно-скользящий затвор с запиранием перекосом
bandit_exo_outfit_name,Украденный экзоскелет
st_wpn_sig550_strelok,SIG SG550 «Arrow»
st_af_fireball_name,«Огненный шар»
bandit_sun_outfit_name,Тактический комбинезон «Вечерняя заря»
st_wpn_umirotvoritel,Неопознанное оружие
helm_ranger,Противогаз ГП-10Р
st_wpn_rpk,РПК
st_prt_o_ballistic_2,Пластины из кевлара «Protera» с укреплёнными керамическими вставками
st_wpn_lr300_camo,Камуфлированная LR-300ML
st_mint,Мятные конфеты «Altoids»
st_wpn_toz194,ТОЗ-194
exo_merc_grass_outfit_name,ТБ-1 наёмников «Саванна»
st_wpn_sig552,SIG SG552 Commando
st_wpn_usp_nimble,USP «Марш»
merc_nighthunter_outfit_name,Бронежилет наёмников «Ночной хищник»
exo_dolg_urban_outfit_name,ПСЗ-10г «Боевая защита»
st_wpn_mossberg590,Mossberg 590A1
st_wpn_l85_custom,Заказная L85A1
st_upgr_o_damage,Компенсационные бронепластины
st_af_fire_name,«Пламя»
st_wpn_svu_alt,ОЦ-03 СВУ (Альтернативная)
st_af_dummy_battery_name,«Батарейка»
st_wpn_vz61,Skorpion vz.61
csky_light_novice_outfit_name,Бронежилет ЧН-1а
military_exo_outfit_name,Армейский экзоскелет
svoboda_novice_outfit_name,Куртка «Свободы»
st_af_full_empty_name,«Полная Пустышка»
st_upgr_cost,Стоимость
st_prt_o_ballistic_14,Самодельные бронепластины из полиэтилена
st_itm_mapkit_9,Карта аномалий (Агропром)
csky_light_outfit_name,Бронежилет ЧН-2а
exolight_outfit_name,Тяжёлый бронекостюм
st_rope,Верёвка
dolg_scientific_outfit_name,ПС5-9Мд «Универсальная защита»
st_joint,Косяк конопли
st_wpn_aek971_camo,AEK-971 с камуфляжем «Долга»
st_broken_detector,Сломанный детектор
svoboda_light_outfit_name,Комбинезон «Ветер свободы»
nbc_outfit_name,Комбинезон РХБЗ
ammo-7.62x25-ps,Патроны 7,62x25 мм Пст
st_af_grid_up_name,Титановый элемент каркаса
st_af_electra_moonlight_name,«Лунный свет»
ui_ammo_types,Боеприпасы
ui_inv_reli,ui_inv_reli
st_af_ring_name,«Белый обруч»
ui_inv_handling,Удобность
ui_mm_repair,Отремонтировать
st_wpn_xm8,HK XM8
st_wpn_wa2000,Walther WA 2000
renegade_exo_outfit_name,Экзоскелет ренегатов
st_wpn_vintorez_nimble,ВСС «Прибой»
st_wpn_vintorez_alt,ВСС «Винторез» (Альтернативный)
st_barrel_8,Ствол [А] 5.45мм
st_wpn_toz34_mark4,ТОЗ-34 «Зубр»
st_wpn_svu_nimble,ОЦ-03 СВУ-A
st_prt_o_ballistic_10,Пластины из полиэтилена «А-типа» с бронежилетом
st_prt_o_retardant_2,Многослойные электрозащитные и химостойкие ткани
st_af_aac_name,Прикладной контейнер артефактов (пустой)
st_prop_restore_health,Восстановление здоровья
st_wpn_colt1911_alt,Colt M1911 (Альтернативный)
st_wpn_remington700,Remington 700
st_wpn_pkm_zulus,ПКМ Зулуса
st_wpn_mp5_nimble,MP5A3 «Фрезер»
merc_scientific_outfit_name,Научный комбинезон наёмников
st_wpn_m24,M24 SWS «Green Dragon»
st_wpn_colt1911_duty,Colt M1911 с камуфляжем «Долга»
st_wpn_hk417,HK417
st_wpn_fn57,FN Five-seveN
st_mirror,Телескопическое зеркало
st_wpn_groza_nimble,ОЦ-14-1А «Гроза-1»
st_batteries,Набор батареек
merc_sunset_outfit_name,Лёгкий комбинезон «Закат»
st_wpn_mp5sd,MP5SD6
BR,BR
st_data_export_heavy_attack_power,Сила тяжелой атаки
merc_jackal_outfit_name,Лёгкий тактический костюм «Шакал»
dolg_heavy_redline_outfit_name,ПСЗ-9Кл «Щит "Долга"»
st_data_export_light_attack_power,Сила легкой атаки
st_data_export_outfit_artefact_count_max,Максимальное кол-во слотов
ui_inv_outfit_artefact_count,Кол-во слотов
st_wpn_famas3,FAMAS F3
st_prt_w_p_spring_3,Возвратная пружина .45
st_wpn_aug_a3,Steyr AUG A3
st_wpn_ak74u_camo,Камуфлированный АКС-74У
ui_inv_outfit_power_restore,Выносливость
st_wpn_ump45,UMP-45
st_wpn_ak74m_pk-a,АК-74М «ПК-А»
exo_dolg_outfit_name,ПСЗ-10Дм «Тяжёлая защита»
stalker_autumn_outfit_name,Комбинезон «Лесная заря»
st_data_export_eat_health_change,Изменение здоровья
st_survival_kit,Малый комплект выживания
st_wpn_sig220,SIG P220
monolith_outfit_name,Комбинезон «Монолита»
st_af_star_phantom_name,«Призрачная звезда»
st_stim_scientic,Экспериментальный научный стимулятор
st_wpn_vsk94,ВСК-94
st_gas_tube_5,Газовая трубка [А|В][Россия]
st_wpn_fal,FN FAL
bandit_scientific_dark_outfit_name,Кустарный комбинезон с ЗСД
military_proto_exo_outfit_name,Бронекостюм «СКАТ-9» с протоэкзоскелетом
st_wpn_ak74u_old,Старый АКС-74У
st_bolt_14,Роликовая личинка [А|ПП]
st_vodka_quality,Водка «Столичная»
st_bolt_carrier_3,Продольно-скользящий затвор с запиранием поворотом [НАТО]
st_steel_wool,Стальная пряжа
st_shovel_mili,Сапёрная лопатка
st_jewelry_box,Шкатулка с драгоценностями
merc_nosorog_outfit_name,Экзоскелет «Носорог» наёмников
st_data_export_power_restore_max,Полное восстановление выносливости
st_bottle_metal,Фляжка с водкой
csky_medium_outfit_name,Бронежилет ЧН-3а
stalker_tigerstripe_outfit_name,Комбинезон с тигровыми полосами
specops_bandit_outfit_name,«Берилл-5М» дезертира
st_af_death_lamp_name,«Смерть-лампа»
st_wpn_sig550_sniper,SIG SG550-1 Sniper
st_prt_o_retardant_7,Изоляционная магниевая сетка и вставки
st_wpn_ak74_modern,Модернизированный АК-74
st_sleepingpills,Таблетки 027-R
st_bolt_8,Вращающаяся личинка [6 упоров][А]
st_prt_o_ballistic_15,Слои из углеродных нанотрубок с тканью «Кевлар 49»
st_wpn_aug_freedom,Камуфлированная Steyr AUG A1
st_ecologist_outfit_orange_name,ССП-99 «Эколог»
st_prt_o_retardant_12,Алюминизированные ткани из стекловолокна
st_wpn_mp5,MP5A3
st_ecologist_outfit_yello_name,ССП-99 «Топаз»
st_barrel_5,Ствол [В] 7.92мм
st_prt_o_ballistic_17,Слои из полиэтиленового волокна с вставками из поликарбоната
st_wpn_k98,Karabiner 98 Kurz
ammo-11.43x23-hydro,Патроны .45 ACP Hydra-shock
st_letter_mercenary_name,Записка наёмника
st_prt_o_ballistic_13,Лёгкие бронепластины из полиэтилена
st_knife_needle,Нож НР-40
st_grenade_thermite,Термитная граната
st_itm_mapkit_6,Карта аномалий (Окрестности «Юпитера»)
st_upgr_w_scope_mount,Крепления для оптических прицелов
st_wpn_ak74m_custom,Заказной АК-74М
st_gas_tube_9,Эжектор от бокфлинта [Р]
st_porn2,Украинский журнал «MAXIM»
st_ui_dbg_spawn_type,Типы предметов
st_meat_lurker,Отбивные из кикиморы
st_bolt_carrier_9,Колодка от курковки [Р]
st_gloves,Кожаные перчатки
st_wpn_pm,ПМ
st_prt_o_ballistic_16,Слои из углеродных нанотрубок с тканью «Кевлар 29» (Укреп.)
st_wpn_vz61_camo,Камуфлированный Skorpion vz.61
bandit_scientific_outfit_name,Трофейная «СЕВА»
ammo-7.62x51_fmj,Патроны 7,62x51 мм НАТО FMJ
st_prt_i_wood,Деревянные части
pda_encyclopedia_name,Название
st_walkie,Рация «Walkie»
ammo-7.62x39_fmj,Патроны 7,62x39 мм FMJ
st_af_bracelet_name,«Браслет»
st_prt_o_retardant_13,Полибензимидазол содержащая ткань
st_wpn_rpk74,РПК-74
st_wpn_mp5_custom,Заказной MP5A3
st_wpn_pmm,ПММ
st_upgr_w_magazine,Комплект магазинов большой ёмкости
st_recipe_expert_1,Техническое руководство (ч. 1)
st_wpn_galil_custom,Заказной Galil AR
~,~
st_prt_i_scrap,Металлолом
military_merc_outfit_name,Бронекостюм «СКАТ-9» наёмников
ammo-5.56x45-ap,Патроны 5,56x45 мм EPR
st_ecologist_report_1_of_3_name,Добытые сведения о ходячих мертвецах, доклад 39В изм.2 (часть 1 из 3)
st_wpn_cz75_auto,CZ-75 Automatic
st_bandage,Бинт
st_meat_pseudodog,Отбивная из псевдособаки
st_trigger_components_3,Трёхрежимный УСМ куркового типа
st_ied,Самодельное взрывное устройство (Химическое)
st_wpn_vintorez,ВСС «Винторез»
mutant_snork_hand,Рука снорка
greh_armored_camo_outfit_name,Противоосколочная броня «Ирий»
st_af_black_angel_name,«Черный ангел»
st_wpn_rg6,РГ-6
pda_encyclopedia_tier,Уровень
st_equ_touristpack_name,Туристический рюкзак
isg_lcs_outfit_name,Лёгкий боевой комбинезон ИИГ
st_gun_oil_ru,Оружейная смазка «Русак»
st_wpn_aks,АКС
ammo-357-hp,Патроны .357 HP
isg_nosorog_outfit_name,Экзоскелет «Носорог» ИИГ
travel_outfit_name,Комбинезон барахольщика
st_helm_respirator_gp5,Противогаз ГП-5
st_boots,Кожаные ботинки
st_helm_cloth_mask,Тряпичная маска
st_data_export_restore_radiation_max,Полное восстановление от радиации
st_hand_rolling_tobacco,Табачные листы
st_bolt_carrier_1,Продольно-скользящий затвор с запиранием поворотом [Россия]
st_wpn_lr300_custom,Заказная LR-300ML
st_wpn_beretta_alt,Beretta 92F (Альтернативная)
ammo-9x18-pmm,Патроны 9x18 мм +P+
st_wpn_m98b,Barrett M98B «Bravo»
cs_stalker_proto_exo_outfit_name,Комбинезон ЧН-2б с протоэкзоскелетом
st_data_export_weapon_kind_shotgun,Дробовик
st_wpn_val,АС «Вал»
st_meat_psysucker,Гуляш из пси-кровососа
st_salmon,Копчёный лосось
st_akvatab,«Акватабс»
cs_exolight_outfit_name,Тяжёлый бронекостюм ЧН-5
st_hide_pseudogiant_name,Шкура псевдогиганта
st_af_fonar_name,«Фонарь»
st_grenade_f1,Граната Ф-1
st_wpn_mp5sd_custom,Заказной MP5SD6
st_wpn_vepr12,Вепрь-12 «Молот»
st_helm_m40,Противогаз M40
ammo_12.7x55_ap,Патроны 12,7x55 мм СЦ-130 ВПС
st_energy_drink,Крепкий энергетик (250 мл.)
st_pda_3_name,КПК (Модель 3.1)
st_af_fountain_name,«Фонтан»
st_prop_restore_bleeding,Заживление ран
st_wpn_vz61_alt,Skorpion vz.61 (Альтернативный)
st_grooming,Набор для стрижки
st_meat_chimera,«Пища охотника»
st_data_export_sleepiness,Сонливости
st_wpn_p90,FN P90
merc_scientific_armored_outfit_name,Боевая «СЕВА» наёмников
st_flashlight_broken,Разбитый фонарь
st_wpn_fnx45_alt,FNX-45 Tactical (Альтернативный)
st_chili,Бобы «Чили»
st_helm_rp_bala,Балаклава
military_sky_outfit_name,Бронекостюм ЧН-4б
st_wpn_bm16_alt,Улучшенный Обрез ТОЗ-66
st_pda_1_name,КПК
st_wpn_aug_modern,Модернизированная Steyr AUG A1
st_wpn_desert_eagle_modern,Модернизированный Desert Eagle
merc_fighter_outfit_name,Лёгкий комбинезон «Истребитель»
st_kolbasa,Упаковка старого мяса
st_wpn_gauss,Гаусс-винтовка
st_prt_i_plastic,Полиэтиленовая плёнка
st_wpn_ppsh41_camo,Камуфлированный ППШ-41
st_prt_o_ballistic_20,Армированные слои из углеродного волокна
st_pda_2_name,КПК (Модель 2.0)
hybrid_outfit_name,Гибридный бронекостюм
st_barrel_7,Ствол [А|В] 7.62мм
st_af_eye_name,«Глаз»
st_af_signet_name,«Перстень»
st_prt_o_ballistic_12,Усиленные пластины из кевлара «К119»
st_prt_o_ballistic_3,Пластины из кевлара «К129» с композитом из поликарбоната
st_salicidic_acid,Ампула салициловой кислоты
st_medkit_science,Научная аптечка
st_exo_repair_kit,Профессиональный набор для ремонта экзоскелетов
ammo-9x39-pab9,Патроны 9x39 мм СП-5
st_recipe_basic_4,Руководство по выживанию (ч. 4)
st_hide_psysucker_name,Кожа пси-кровососа
st_yadylin,Йадулин
ammo-12x70-buck,Патроны 12x70 мм Дробь
st_wpn_ak74_alt,АК-74 (Альтернативный)
ace_outfit_name,Бронекостюм с ЗСД «Ас»
st_rank_sniper,отряд со снайперской винтовкой
dolg_voin_outfit_name,ПС6-В «Универсальная защита»
st_data_export_projectiles,Снаряды
st_geiger_dead,Дозиметр
st_prt_o_retardant_11,Слои алюминизированной защитной ткани
st_af_geliy_name,«Гелий»
st_fieldcooker,Мультитопливная печь
st_af_pin_name,«Булавка»
st_af_zhelch_name,«Рубец»
st_af_empty_name,«Пустышка»
st_wpn_cz75,CZ-75
st_wpn_scar_custom,Камуфлированный FN SCAR-H
st_wpn_toz34_obrez_custom,Заказной обрез ТОЗ-34
st_mineral_water,Минеральная вода
st_af_lighthouse_name,«Маяк»
st_af_electra_sparkler_name,«Бенгальский огонь»
st_af_soul_name,«Душа»
st_wpn_protecta_camo,Камуфлированная Armsel Protecta
st_wpn_colt1911_merc,Colt M1911 с камуфляжем наёмников
st_itm_mapkit_1,Карта аномалий (Армейские склады)
st_recipe_advanced_4,Руководство по механике (ч. 4)
st_cigar3,Советские сигареты
st_data_export_fragments,Фрагменты
st_ecologist_report_3_of_3_name,Добытые сведения о ходячих мертвецах, доклад 39В изм.2 (часть 3 из 3)
st_upgr_o_burn,Огнестойкие ткани и вставки
ammo-4.6x30-fmj,Патроны 4.6x30 мм FMJ
st_upgr_w_rpm,Титановые штоки возвратного механизма
st_hide_burer_name,Кожа бюрера
st_device_torch_nv_3_name,Налобный фонарик с ПНВ «Оракул»
ammo-9x39-ap,Патроны 9x39 мм СП-6
ecolog,Учёные
st_glucose_s,Малая инъекция глюкозы
st_wpn_colt1911_modern,Модернизированный Colt M1911
st_af_atom_name,«Атом»
st_welding_goggles,Сварочные очки
st_wpn_fn2000_camo,Камуфлированный FN F2000
st_device_flashlight,Ручной фонарь
dolg_exolight_outfit_name,ПСЗ-10Д «Тяжёлая защита»
st_wpn_m79,M79
helm_ppm88,Противогаз ППМ-88
st_wpn_lr300,LR-300ML
ui_inv_bspeed,ui_inv_bspeed
st_detector3,Детектор «Велес»
st_wpn_l85,L85A1
st_wpn_9a91,9A-91
st_vodka,Водка «Nemiroff»
st_wpn_m4a1_custom,Заказная M4A1
st_wpn_svd,СВД
st_wpn_l85a2_custom,Заказная L85A2
st_device_torch_nv_2_name,Налобный фонарик с ПН21КЛ
ammo-5.56x45-ss190,Патроны 5,56x45 мм EP
st_bolt_4,Поворотная личинка [2 упора][В]
st_wpn_ak104,АК-104
st_prop_weight,Масса
st_wpn_m4a1_freedom,M4A1 с камуфляжем «Свободы»
st_upgr_o_carry,Система креплений для распределения нагрузки
st_af_cooler_up_name,Графеновый модуль
st_af_elektron_name,«Электрон»
ammo-9x18-fmj,Патроны 9x18 мм FMJ
st_ecologist_report_2_of_3_name,Добытые сведения о ходячих мертвецах, доклад 39В изм.2 (часть 2 из 3)
st_wpn_g3,G3A3
st_letter_military_log_name,Информационный доклад / Операция MSRC / 05.04.2014 18:36:21
st_data_export_stash_type_common,Обычный
ui_inv_accuracy,Точность
st_stalker_letter_2_of_2_name,Мемуары (часть 2 из 2)
st_vodka2,Водка «Путинка»
st_kit_hunt,Охотничий рюкзак
st_wpn_mosin,Винтовка Мосина
st_prt_w_p_spring_4,Возвратная пружина 9мм [НАТО]
st_wpn_scar,FN SCAR-H
st_analgetic,Диклофенак натрия
st_upgr_w_weight,Противовес из полимеров
bandit,Бандиты
st_wpn_sks_modern,Модернизированный СКС-45
csky,«Чистое небо»
isg,ИИГ
renegade,Ренегаты
st_hide_psy_dog_name,Мех псевдособаки
st_wpn_ak74m_duty,АК-74М с камуфляжем «Долга»
st_rank_veteran,ветеран
st_rank_professional,профи
ammo-7.62x25-p,Патроны 7,62x25 мм П
st_wpn_fort,Форт-17
st_detector4,Прототип детектора «Сварог»
st_wpn_spas12,SPAS-12
ui_inv_outfit_burn_protection,Защ. от ожога
st_af_bat_name,«Летучая мышь»
st_bolt_12,Курки от курковки [Р]
military_freedom_outfit_name,Бронекостюм «СКАТ-9» «Свободы»
st_af_black_name,«Осколок Монолита»
st_wpn_svu,ОЦ-03 СВУ
st_wpn_mp133,MP-133
st_wpn_usp_match,USP Match
st_ecologist_outfit_grn_name,ССП-99М «Эколог»
st_wpn_svt40,СВТ-40
killer,Наёмники
ammo-gauss_cardan,Самодельные аккумуляторы
st_beans,Тушёная фасоль
st_wpn_pm_custom,Заказной ПМ
st_wpn_scar_new,Новый FN SCAR-H
st_letter_stalker_letter_3_name,Письмо Николаю
st_wpn_gsh18_custom,Заказной ГШ-18
st_itm_mapkit_4,Карта аномалий (Мёртвый город)
st_bolt_15,Ударник с боевой пружиной [ПП]
st_hide_bloodsucker_name,Кожа кровососа
renegademerc_outfit_name,Лёгкий комбинезон ренегатов
st_wpn_sig550_custom,Заказной SIG SG550
st_wpn_walther,Walther P99
st_af_freon_up_name,Улучшенный фреоновый охладитель
st_wpn_beretta,Beretta 92F
st_meinkampf,«Моя борьба»
st_guitar_name,Гитара
st_data_export_impulse,Импульс
st_prt_o_retardant_8,Усиленная изоляционная сетка из оксида магния
st_gas_tube_4,Газовая трубка [АС|ПП]
st_wpn_m4,M4A1 RAS
st_prt_w_p_barrel_5,Ствол 7.62 мм
st_matches,Набор для розжига
st_itm_expertkit_name,Инструменты для калибровки
ammo-9x18-ap,Патроны 9x18 мм РГ028
st_wpn_ak12,АК-12
st_wpn_galil_modern,Модернизированный Galil AR
st_detector9,RF-ресивер
st_wpn_beretta_modern,Модернизированная Beretta 92F
ecologist_guard_outfit_name,Комбинезон «Искра»
st_prt_o_retardant_20,Атласные ткани с изоляцией из стекловолокна
novice_outfit_name,Кожаная куртка
st_wpn_rp,ПКМ
st_data_export_is_backpack,Рюкзак
st_af_medallion_name,«Медальон»
dolg_novice_outfit_name,Куртка «Долга»
st_upgr_w_inertion,Эргономичные ресиверы разной формы
st_wpn_colt1911_camo,Камуфлированный Colt M1911
st_glue_b,Тюбик клея «Звезда»
st_stim_military,Военный стимулятор
st_wpn_hk416,HK416
st_wpn_l85_alt,L85A1 (Альтернативная)
ammo-7.62x54-r,Патроны 7,62x54 мм R
st_data_export_weapon_kind_sniper,Снайперская винтовка
st_solvent,Чистящий растворитель «Nо.9»
st_meat_bloodsucker,Гуляш из кровососа
st_wpn_toz34_custom,Заказной ТОЗ-34
monolith_scientific_outfit_name,Научный комбинезон «Монолита»
st_wpn_mp5sd_new,Новый MP5SD6
st_wpn_rpd,РПД
st_wpn_abakan_camo,Камуфлированный АН-94
st_tobacco,Российский табак
st_wpn_l85a2,L85A2
st_wpn_spas12_custom,Заказной SPAS-12
st_wpn_toz34_obrez,Обрез ТОЗ-34
st_wpn_mp412,MP-412 Rex
st_medkit,Аптечка первой помощи
st_data_export_from,из
st_tomato,Консервированные томаты
ammo-7.62x39_ap,Патроны 7,62x39 мм M43
st_bolt_13,Поворотная личинка [2 упора][А][НАТО]
st_wpn_svt40_modern,Модернизированная СВТ-40
st_stalker_letter_1_of_2_name,Мемуары (часть 1 из 2)
st_wpn_ak74u,АКС-74У
st_wpn_akm,АКМ
st_wpn_vssk,ВССК «Выхлоп»
st_wpn_l96a1,L96A1
st_device_torch_name,Налобный фонарик
st_wpn_g36k,G36K
st_barrel_4,Ствол [В] 7.62мм
mutant_tushkano_meat,Мясо тушкана
st_wpn_spas12_nimble,Модернизированный SPAS-12
st_helm_battle,Шлем «Сфера М12»
ammo-5.7x28-ss190,Патроны 5.7х28 мм SS190
st_wpn_sig220_nimble,SIG P220 «Альпиец»
st_monolith_prayer_2_of_3_name,Молитва Монолиту (часть 2 из 3)
st_prt_o_ballistic_1,Пластины из кевлара «К129» с укреплёнными керамическими вставками
st_wpn_tt33,TT-33
st_monolith_prayer_3_of_3_name,Молитва Монолиту (часть 3 из 3)
trenchcoat_outfit_name,Плащ
st_barrel_2,Ствол [Р] 18.5мм
st_wpn_g36_camo,Камуфлированная G36
st_wpn_val_modern,Модернизированный АС «Вал»
st_shovel_old,Металлическая лопата
st_jgut_zhgut,Медицинский жгут
st_conserva,Рыбные консервы
st_trigger_components_4,Однорежимный УСМ ударникового типа
isg_scientific_outfit_name,Научный комбинезон ИИГ
st_recipe_basic_2,Руководство по выживанию (ч. 2)
dolg_exo_outfit_name,ПСЗ-10Д «Механизированная защита»
monolith_nosorog_outfit_name,Экзоскелет «Носорог» «Монолита»
military_exolight_outfit_name,Тяжёлый армейский бронекостюм
st_ecologist_outfit_red_name,ССП-99М «Рубин»
exo_merc_urban_outfit_name,ТБ-1 наёмников «Город»
army_outfit_name,Армейский бронежилет
st_wpn_l85a2_modern,Модернизированная L85A2
st_wpn_ak101_camo,Камуфлированный АК-101
st_corn,Консервированная кукуруза
st_wpn_l96a1m,L96 AWSM
st_recipe_advanced_3,Руководство по механике (ч. 3)
dolg_scientific_red_outfit_name,ПС5-9Мд «Егерь»
dolg_proto_exo_outfit_name,Комбинезон ПС5-М с протоэкзоскелетом
merc_exolight_outfit_name,Тяжёлый бронекостюм наёмников
st_knife_hunting,Охотничий нож
greh_trenchcoat_outfit_name,Тяжёлый плащ «Греха»
st_lead_box_name,СИМК (Пустой)
st_wpn_ak105,АК-105
st_prt_o_fabrics_2,Листы синтетической ткани
monolith_proto_exo_outfit_name,Комбинезон «Монолита» с протоэкзоскелетом
st_prt_i_paper,Листы бумаги
st_bolt_1,Клин затвора [Р]
zombied,Зомбированные
st_wpn_ppsh41_new,Модернизированный ППШ-41
st_caffeine,Таблетки кофеина
st_af_fuzz_kolobok_name,«Колобок»
st_af_iam_name,Самодельный прикладной модуль (пустой)
st_bolt_carrier_7,Затвор рычажного типа с запиранием клином
cs_stalker_outfit_name,Комбинезон ЧН-2б
st_helm_respirator,Противогаз ПБФ
st_meat_tushkano,Жареный тушкан
st_prt_o_fabrics_1,Листы ткани
